{
  "keyword_filter": {
    "f1": 0.05102551275637819,
    "accuracy": 0.1068738229755179,
    "precision": 0.9807692307692307,
    "recall": 0.026194144838212634,
    "auc": 0.0,
    "tp": 102,
    "fp": 2,
    "fn": 3792,
    "tn": 352,
    "fpr": 0.005649717514108334,
    "fnr": 0.9738058551615373,
    "hn_fpr": 0.020833333333333332,
    "latency_ms_per_sample": 0.105
  },
  "tfidf_lr": {
    "f1": 0.9872701555869873,
    "accuracy": 0.9766949152542372,
    "precision": 0.9886685552407932,
    "recall": 0.9858757062146892,
    "auc": 0.9881905814827389,
    "tp": 3839,
    "fp": 44,
    "fn": 55,
    "tn": 310,
    "fpr": 0.12429378531038335,
    "fnr": 0.014124293785307107,
    "hn_fpr": 0.40625,
    "latency_ms_per_sample": 0.131
  },
  "openai_moderation": {
    "f1": 0.3655013606866234,
    "accuracy": 0.2864877589453861,
    "precision": 0.9886749716874292,
    "recall": 0.22419106317411402,
    "auc": 0.747481639143518,
    "tp": 873,
    "fp": 10,
    "fn": 3021,
    "tn": 344,
    "fpr": 0.02824858757054167,
    "fnr": 0.7758089368256867,
    "hn_fpr": 0.020833333333333332,
    "latency_ms": {
      "p50": 35.378139344175,
      "p95": 165.18803815597494
    }
  }
}