{
  "binary": {
    "f1": 0.9565217391304348,
    "accuracy": 0.9166666666666666,
    "auc": 0.5008988186954288,
    "tp": 3894,
    "fp": 354,
    "fn": 0,
    "tn": 0
  },
  "multiclass": {
    "macro_f1": 0.012820512820512822,
    "weighted_f1": 0.012820512820512822
  },
  "latency_ms": {
    "p50": 3.048556718567852,
    "p95": 9.2892630874303,
    "p99": 9.370575452303456
  }
}