{
  "llama31_8b_zeroshot": {
    "f1": 0.7186050231962886,
    "acc": 0.5859227871939736,
    "prec": 0.9529062367416207,
    "rec": 0.5767847971237802,
    "tp": 2246,
    "fp": 111,
    "fn": 1648,
    "tn": 243,
    "fpr": 0.31355932203301257,
    "fnr": 0.42321520287611114,
    "hn_fpr": 0.28125,
    "lat_p50": 67.94482798432,
    "lat_p95": 108.87831445143092
  },
  "gemma2_2b_zeroshot": {
    "f1": 0.8717663421418637,
    "acc": 0.7829566854990584,
    "prec": 0.9508495145631068,
    "rec": 0.8048279404211608,
    "tp": 3134,
    "fp": 162,
    "fn": 760,
    "tn": 192,
    "fpr": 0.45762711864277505,
    "fnr": 0.1951720595787891,
    "hn_fpr": 0.4270833333333333,
    "lat_p50": 93.25896349037066,
    "lat_p95": 117.75233000516891
  },
  "llamaguard3_8b": {
    "f1": 0.1977818853974122,
    "acc": 0.18267419962335216,
    "prec": 0.9861751152073732,
    "rec": 0.10991268618387262,
    "tp": 428,
    "fp": 6,
    "fn": 3466,
    "tn": 348,
    "fpr": 0.016949152542325003,
    "fnr": 0.8900873138158988,
    "hn_fpr": 0.03125,
    "lat_p50": 76.55506799346767,
    "lat_p95": 139.40045597555581
  },
  "llamaguard4_12b": {
    "f1": 0.0,
    "acc": 0.08333333333333333,
    "prec": 0.0,
    "rec": 0.0,
    "tp": 0,
    "fp": 0,
    "fn": 3894,
    "tn": 354,
    "fpr": 0.0,
    "fnr": 0.9999999999997432,
    "hn_fpr": 0.0,
    "lat_p50": 153.86258051148616,
    "lat_p95": 154.69919105235022
  }
}