{
  "binary": {
    "f1": 0.9973045822102425,
    "accuracy": 0.9950564971751412,
    "auc": 0.9993137348782277,
    "tp": 3885,
    "fp": 12,
    "fn": 9,
    "tn": 342
  },
  "multiclass": {
    "macro_f1": 0.018860433341102545,
    "weighted_f1": 0.018860433341102545
  },
  "latency_ms": {
    "p50": 3.6944441253581317,
    "p95": 9.281690450006863,
    "p99": 9.45709757274017
  }
}